"Question","Answer"
"How do I apply for admission?","To apply for admission, visit our college website and complete the online application form with your personal and academic details. After submission, you’ll receive a confirmation email with further instructions, including document submission and fee payment deadlines."
"What are the eligibility criteria for undergraduate programs?","Eligibility varies by program, but generally, you need to have completed high school with a minimum GPA of 3.0 and meet specific subject prerequisites. Check the program page on our website for detailed requirements and any additional entrance exam scores needed."
"How can students access financial aid?","Students can apply for financial aid by submitting the FAFSA form online and checking our scholarship portal for institutional grants. Our financial aid office is available to guide you through the process and ensure you meet all deadlines."
"What is the tuition fee structure?","Tuition fees depend on your program and residency status; for example, in-state students pay around $10,000 per year, while out-of-state students pay $25,000. Detailed breakdowns, including additional fees like housing and books, are available on our finance webpage."
"How do I register for classes?","Class registration is done through our student portal after you’ve been admitted and met with an academic advisor. You’ll need your student ID and password, and we recommend registering early to secure your preferred schedule."
"Where can students find housing options?","On-campus housing is available through our residence life office, where you can apply for dorms or apartments based on availability. Off-campus options can be explored via our housing board, which lists verified local rentals."
"What support services are available for students?","We offer academic advising, tutoring, mental health counseling, and career services to support students throughout their journey. Visit the student services office or website to schedule appointments or access resources tailored to your needs."
"How do I get a student ID card?","Once enrolled, visit the campus ID office with a government-issued photo ID to get your student ID card processed. It’s used for library access, dining plans, and event entry, so pick it up early in the semester."
"What is the process for dropping a course?","To drop a course, log into the student portal, select the course, and submit a drop request before the deadline, typically the fourth week of the semester. Meet with your advisor first to ensure it won’t affect your graduation plan or financial aid."
"How can I contact my professors?","Professors’ contact details, including email and office hours, are listed in the course syllabus and on the faculty directory online. Feel free to reach out for questions or to schedule a meeting—they’re here to help you succeed."
"Question","Answer"
"How do I apply for admission?","Visit our college website, fill out the online application with your personal and academic details, and submit required documents like transcripts. You’ll receive a confirmation email with next steps, including deadlines for fees or interviews."
"What are the eligibility criteria for undergraduate programs?","You need a high school diploma with a minimum GPA of 3.0 and specific prerequisites depending on your chosen major. Program-specific details, including any required test scores, are listed on our admissions webpage."
"How can students access financial aid?","Apply through the FAFSA website and check our scholarship portal for additional funding opportunities tailored to your profile. Our financial aid office offers guidance and workshops to help you meet deadlines."
"What is the tuition fee structure?","Tuition varies: in-state students pay around $10,000 per year, out-of-state pay $25,000, plus fees for housing and books. A detailed breakdown is available on the finance section of our website."
"How do I register for classes?","After advisor approval, log into the student portal with your ID and password to select courses and finalize your schedule. Register early to ensure availability in popular classes."
"Where can students find housing options?","Apply for on-campus housing through the residence life office, which offers dorms and apartments based on availability. Off-campus options are listed on our housing board with trusted local rentals."
"What support services are available for students?","We offer tutoring, mental health counseling, career advising, and accessibility services to support your success. Check the student services website or visit our office to access these resources."
"How do I get a student ID card?","Bring a government-issued photo ID to the campus ID office after enrollment to get your student ID processed. It’s essential for dining, library access, and campus events, so pick it up early."
"What is the process for dropping a course?","Log into the student portal, submit a drop request before the fourth week of the semester, and consult your advisor first. This ensures no impact on your academic plan or financial aid status."
"How can I contact my professors?","Find their email and office hours in your syllabus or the online faculty directory. They’re approachable and happy to assist with coursework or academic questions."
"What are the library hours?","The library operates from 8 AM to 10 PM weekdays and 10 AM to 6 PM weekends, with extended hours during finals week. Check the library website for holiday schedules or unexpected closures."
"How do I access my student email?","Use your student ID and the temporary password sent to your personal email to log into your student email account. It’s the primary way we communicate, so monitor it daily."
"What happens if I miss a payment deadline?","A $50 late fee applies, and a hold may block your registration or grades until cleared. Contact the bursar’s office ASAP to arrange a payment plan if you’re facing issues."
"How do I declare or change my major?","Discuss your plans with your advisor, then submit a major change form via the student portal for processing. It takes about a week, and you’ll be informed of any new requirements."
"What health services are available on campus?","Our health center provides free basic care, vaccinations, and counseling with your student ID. Book appointments online, and we offer referrals for emergencies or specialized care."
"How do I join a student club?","Explore club options on the student life website, attend an interest meeting, and register with the club leader. It’s a fun way to connect and build skills outside the classroom."
"What is the attendance policy?","Each course tracks attendance; more than three unexcused absences may affect your grade per the syllabus. Notify professors ahead of time for excused absences like illness."
"How do I apply for a work-study job?","Browse openings on the work-study portal, submit your resume, and interview with the department. Apply early, as positions are competitive and fill quickly."
"What are the dining options on campus?","We have dining halls with meal plans and cafes for quick meals, all accessible via your student ID. Let dining services know in advance if you have dietary restrictions."
"How do I request a transcript?","Order official transcripts online through the registrar for a fee, or get unofficial ones free via your student account. Processing takes 3-5 days, so plan ahead."
"Can I defer my admission?","Yes, submit a deferral request to admissions before the semester starts, explaining your reason. Approval grants a one-year delay, but you’ll need to reapply if longer."
"What’s the transfer credit policy?","Submit transcripts to the registrar for evaluation; credits from accredited schools typically transfer if they match our curriculum. You’ll get a report within two weeks detailing accepted credits."
"How do I appeal a grade?","Discuss with your professor first, then file an appeal with the academic affairs office within 30 days if unresolved. Include evidence like assignments to support your case."
"What’s the policy on incompletes?","Request an incomplete from your professor before finals if extenuating circumstances apply, like illness. You’ll have one semester to finish the work, or it turns to an F."
"Can I get a tuition refund?","Refunds are possible if you withdraw before the add/drop deadline, typically week two; after that, it’s prorated. Check the bursar’s refund schedule for exact percentages."
"How do I appeal a financial aid decision?","Submit an appeal letter to the financial aid office with documentation, like medical bills or income changes. They’ll review it within two weeks and adjust if eligible."
"How do I reserve a study room?","Book study rooms online through the library website using your student ID; they’re free but time-limited. Reserve early during finals when demand spikes."
"What’s the guest policy in dorms?","Guests must sign in at the dorm desk with ID and leave by midnight unless pre-approved for overnight. Residents are responsible for their guests’ behavior."
"How do I reset my portal password?","Use the ‘forgot password’ link on the portal login page and follow the prompts to reset via your student email. IT support can assist if you hit technical issues."
"What software is free for students?","Microsoft Office, Adobe Acrobat Reader, and some discipline-specific tools are free with your student login. Check the IT website for a full list and download instructions."
"How do I get an internship?","Visit the career center for listings, polish your resume with their help, and apply directly to employers. They also host fairs to connect you with opportunities."
"When do I apply for graduation?","Apply via the registrar’s portal one semester before your expected graduation date, usually by mid-term. Late applications may delay your diploma, so don’t miss it."
"What’s the emergency protocol?","In emergencies, call campus security at the posted number or use blue light phones; they’ll coordinate with local services. Check the safety website for drills and updates."
"How do I report a safety concern?","Submit concerns via the online safety form or call the security office directly, available 24/7. We investigate all reports and follow up promptly."
"What’s the lost and found process?","Check the campus lost and found at the student union; items are held for 30 days before donation. Report lost items online to help us match them."
"How do I update my contact info?","Log into the student portal, update your address or phone under ‘personal info,’ and save changes. It’s critical for emergency notifications and billing."
"Can I take courses at another college?","Yes, get pre-approval from your advisor and the registrar to ensure credits transfer back here. Submit transcripts afterward to update your record."
"What’s the policy on academic probation?","If your GPA drops below 2.0, you’re on probation and must meet with an advisor to create a recovery plan. Failure to improve may lead to suspension."
"How do I access online course materials?","Log into the learning management system with your student ID; materials are posted by professors. Contact IT if you can’t access your courses."
"What’s the parking policy?","Purchase a parking permit online and display it on your vehicle; spaces are first-come, first-served. Violations like parking without a permit result in fines."
"How do I get involved in research?","Ask professors in your department about openings or check the research office for funded projects. Undergrads often start as assistants and can earn credit."
"What’s the process for withdrawing?","Meet with your advisor, then submit a withdrawal form to the registrar before semester’s end. Refunds and transcripts depend on timing, so check policies."
"Can I audit a course?","Yes, with instructor permission, register to audit via the portal; it’s free but won’t earn credits. It’s a great way to explore without grade pressure."
"How do I file a complaint?","Submit complaints via the student affairs online form or in person; include details for faster resolution. We aim to respond within a week."
"What’s the gym schedule?","The gym is open 6 AM to 11 PM daily, with adjusted hours on holidays posted online. Bring your student ID for free access to equipment and classes."
"How do I get a locker?","Request a locker at the gym or student union desk; they’re free but limited, so sign up early. Bring your own lock and clear it out by semester’s end."
"What’s the policy on pets in dorms?","Only service animals are allowed in dorms; emotional support animals need prior approval from disability services. Violations can lead to fines or removal."
"How do I access career counseling?","Schedule an appointment with the career center online or drop in during walk-in hours. They’ll help with resumes, interviews, and job search strategies."
"What’s the process for late registration?","After the regular period, petition the registrar with a valid reason, like a medical delay, and pay a late fee. Approval isn’t guaranteed, so act fast."
"How do I check my grades?","Log into the student portal after finals; grades post within a week of semester end. Contact your professor if you spot an error."
"Question","Answer"
"What is the minimum CGPA required for college admission?","Most colleges require a minimum CGPA of 2.5 to 3.0, but it varies by institution and program.","Check the specific college’s website for exact requirements."
"How do I apply for financial aid?","Complete the FAFSA form online at fafsa.gov to apply for federal aid.","Contact your college’s financial aid office for additional scholarships or grants."
"What standardized tests are required for admission?","Many colleges require SAT or ACT scores, though some are test-optional.","Verify the policy of each school you’re applying to."
"When is the application deadline for most colleges?","Regular decision deadlines are typically January 1st, but early decision is often November.","Always confirm exact dates on the college’s admissions page."
"Can I apply to multiple colleges at once?","Yes, you can apply to as many colleges as you’d like using platforms like the Common App.","Keep track of deadlines and requirements for each school."
"What is the Common App?","The Common App is an online platform to apply to over 900 colleges with one application.","It simplifies the process but may require supplemental essays for some schools."
"How important are extracurricular activities for admission?","They show leadership and passion, boosting your application beyond grades.","Focus on quality over quantity in your involvement."
"What should I write in my college essay?","Write a personal, authentic story that highlights your character and goals.","Avoid generic topics and proofread carefully."
"Do I need recommendation letters for college?","Most colleges require 1-3 letters from teachers or counselors.","Choose recommenders who know you well and can speak to your strengths."
"How do I know if a college is a good fit for me?","Consider size, location, majors, campus culture, and cost.","Visit campuses or attend virtual tours to decide."
"What is Early Decision, and should I apply for it?","Early Decision is a binding application submitted by November, with decisions by December.","It’s best if you’re certain of your top-choice school."
"Can international students apply to U.S. colleges?","Yes, international students can apply but may need TOEFL/IELTS scores.","Check for visa requirements and financial aid options."
"What’s the difference between a college and a university?","Colleges are smaller and focus on undergraduate degrees; universities offer graduate programs too.","Choose based on your academic and career goals."
"How do I submit my high school transcript?","Request your school counselor to send it electronically or by mail to the college.","Ensure it’s official and sealed for acceptance."
"What happens if I miss an application deadline?","You may need to wait for the next admission cycle or apply as a late applicant.","Contact the admissions office to explore options."
"How much does it cost to apply to college?","Application fees range from $25 to $90 per school, though some offer waivers.","Check for fee waiver eligibility if cost is a concern."
"What is a waitlist, and how does it work?","A waitlist means you’re qualified but not yet accepted due to limited spots.","You may be admitted later if space opens up."
"Can I change my major after I enroll?","Yes, most colleges allow major changes, often within the first two years.","Check with academic advisors for specific policies."
"What is rolling admission?","Rolling admission reviews applications as they arrive, offering decisions quickly.","Apply early for the best chance at acceptance and aid."
"How do I prepare for a college interview?","Research the school, practice common questions, and be yourself.","Dress professionally and arrive with thoughtful questions."
"Question","Answer"
"What are the hostel facilities like?","Hostels offer Wi-Fi, laundry, and 24/7 security services. Students can opt for single or shared rooms."
"Are there medical facilities on campus?","A health center with doctors is available on-site. Emergency care is accessible around the clock."
"What clubs can students join?","Over 30 clubs like debate and music are offered. Students can also propose new clubs."
"How are extracurricular events organized?","Staff and students plan fests and workshops together. Participation is open to everyone."
"How many books are in the college library?","The library has over 50,000 books and e-journals. It’s open daily for 12 hours."
"Can staff borrow books for research?","Staff enjoy unlimited borrowing privileges. Digital resources support research needs."
"What is the placement rate for graduates?","Over 85% of graduates find jobs quickly. Top firms recruit on campus yearly."
"How does the placement cell support students?","The cell offers resume help and mock interviews. It links students to recruiters."
"What sports facilities are available?","Fields for soccer and cricket are provided. A modern gym is open to all."
"Are there inter-college sports competitions?","We host and join regional sports tournaments. Tryouts select the teams."
"What is the application deadline?","Applications are due by May 31st for fall. Late entries may be waitlisted."
"How do we process international applications?","We review academics and visa requirements. Processing takes 4 to 6 weeks."
"Are scholarships available for new students?","Merit and need-based scholarships are offered. Apply with grades and financial docs."
"How is financial aid disbursed?","Aid is credited to accounts each semester. Eligibility is checked yearly."
"What majors are offered?","Over 20 majors like engineering are available. The full list is online."
"How are course schedules planned?","Faculty set schedules based on demand. Updates occur each semester."
"Is there campus Wi-Fi?","Wi-Fi covers all areas and is free. Students log in with their ID."
"How do we maintain campus cleanliness?","A team cleans facilities daily for hygiene. Issues can be reported anytime."
"Are there music programs?","Bands and choirs are open to all levels. Auditions happen each term."
"Who oversees club budgets?","Staff advisors manage funds with students. Budgets are set yearly."
"Are e-books available?","Thousands of e-books are online for use. Access them with your student ID."
"How do we update library resources?","We review data and requests annually. New items are added as needed."
"Which companies recruit here?","Firms like Google and TCS visit campus. Diverse opportunities are ensured."
"How do we track placement success?","Surveys of graduates and employers are done. Data improves our programs."
"Can beginners join sports teams?","Beginners are welcome with training offered. Tryouts are open to all."
"How are sports facilities funded?","Funds come from tuition and donations. Upgrades follow student feedback."
"What are the SAT score requirements?","A 1200 score is recommended, not required. We review applications holistically."
"How do we evaluate applications?","Grades, scores, and essays are assessed. Each applicant gets fair consideration."
"Can I work on campus for aid?","Part-time jobs like library assistant are open. Earnings help with tuition."
"How do we verify aid eligibility?","Income and academic records are checked. A 3.0 GPA is needed for renewal."
"Are there online courses?","Select courses are offered online each term. Check the portal for details."
"How do we ensure teaching quality?","Faculty are reviewed by students and peers. Training keeps them updated."
"Is there a cafeteria on campus?","The cafeteria serves affordable diverse meals. It’s open daily for students."
"How do we handle facility repairs?","Repairs are logged online and fixed fast. Urgent issues get priority."
"Are there theater groups?","A drama club performs two plays yearly. Auditions welcome everyone."
"How do we promote student events?","Events are shared via email and posters. Staff and students work together."
"Can I request specific books?","Requests can be made online or in-person. We’ll source books if possible."
"How do we manage overdue books?","Fines apply after a grace period ends. Reminders are sent to borrowers."
"Are internships offered?","Paid internships are available via partners. Apply through the placement cell."
"How do we prepare students for interviews?","Workshops and coaching sessions are held. Mock interviews build skills."
"Is there a swimming pool?","An Olympic-size pool is open year-round. Free lessons are provided."
"How do we select team captains?","Captains are picked for skill and leadership. Coaches and peers decide."
"Can I defer my admission?","Deferrals are allowed for one year. Submit a written request to proceed."
"How do we handle waitlisted students?","Waitlisted students are contacted if spots open. Decisions are made by July."
"Are there loans available?","Low-interest loans are offered via partners. Terms depend on the lender."
"How do we process aid appeals?","Appeals are reviewed monthly by committee. Submit docs for consideration."
"Can I change my major?","Major changes are allowed in year one. Discuss with an advisor first."
"How do we support struggling students?","Free tutoring and counseling are provided. Faculty track student progress."
"Are there study lounges?","Quiet lounges with Wi-Fi are open 24/7. They’re equipped for studying."
"How do we ensure campus safety?","Security patrols and cameras run 24/7. Emergency lines are always open."
"Question","Answer"
"What are the hostel facilities like?","Hostels offer Wi-Fi, laundry, and 24/7 security services. Students can choose single or shared rooms."
"Are there medical facilities on campus?","A health center with doctors is open daily. Emergency services are available around the clock."
"What clubs can students join?","Over 30 clubs like debate and music are available. Students can start new ones with approval."
"How many books are in the library?","The library has over 50,000 books and e-journals. It’s open 12 hours daily for access."
"What is the placement rate for graduates?","Over 85% of graduates secure jobs within months. Top companies recruit on campus yearly."
"What sports facilities are offered?","Fields for soccer and a modern gym are provided. Coaching is available for all levels."
"What is the application deadline?","Applications are due by May 31st for fall. Late submissions may be waitlisted."
"Are scholarships available for new students?","Merit and need-based scholarships are offered. Apply with grades and financial documents."
"What majors are offered?","Over 20 majors like engineering are available. Check the website for the full list."
"Is there campus Wi-Fi?","Wi-Fi covers all areas and is free to use. Students log in with their ID."
"How do we maintain campus cleanliness?","A team cleans facilities daily for hygiene. Students can report issues anytime."
"Are there music programs?","Bands and choirs are open to all skill levels. Auditions occur each term start."
"Are e-books available?","Thousands of e-books are accessible online. Use your student ID to log in."
"Which companies recruit here?","Firms like Google and TCS visit campus. Diverse opportunities are ensured."
"Can beginners join sports teams?","Beginners are welcome with training provided. Tryouts are open to everyone."
"How do we evaluate applications?","Grades, scores, and essays are reviewed. Each applicant gets fair consideration."
"Can I work on campus for aid?","Part-time jobs like library assistant are open. Earnings help offset tuition."
"Are there online courses?","Select courses are offered online each term. Check the portal for availability."
"Is there a cafeteria on campus?","The cafeteria serves affordable diverse meals. It’s open daily for students."
"Are there theater groups?","A drama club performs two plays yearly. Auditions are open to all."
"Can I request specific books?","Requests can be made online or in-person. We’ll source books if possible."
"Are internships offered?","Paid internships are available via partners. Apply through the placement cell."
"Is there a swimming pool?","An Olympic-size pool is open year-round. Free lessons are provided."
"Can I defer my admission?","Deferrals are allowed for one year. Submit a written request to proceed."
"Are there loans available?","Low-interest loans are offered via partners. Terms depend on the lender."
"Can I change my major?","Major changes are allowed in year one. Discuss with an advisor first."
"Are there study lounges?","Quiet lounges with Wi-Fi are open 24/7. They’re equipped for studying."
"How do we ensure campus safety?","Security patrols and cameras run 24/7. Emergency lines are always open."
"What are the gym hours?","The gym is open from 6 AM to 10 PM. Students get free access daily."
"Are there art classes available?","Art classes in painting and sculpture are offered. They’re open to all students."
"How many students live on campus?","Over 60% of students reside in hostels. Space is allocated first-come, first-served."
"Is there a career counseling service?","Career counselors help with job and study plans. Sessions are free for students."
"What is the student-to-faculty ratio?","The ratio is 15:1 for personalized attention. It ensures quality teaching."
"Are there guest lectures?","Experts from industry give talks monthly. They’re open to all students."
"How do we handle hostel complaints?","Complaints are logged online and resolved fast. Wardens oversee the process."
"Can I bring my own laptop?","Students can bring laptops for personal use. Wi-Fi supports all devices."
"Are there coding bootcamps?","Bootcamps run each semester for tech skills. They’re free for enrolled students."
"How do we support international students?","We offer visa help and orientation programs. Support continues all year."
"What’s the library fine policy?","Fines are 50 cents per day after grace. Reminders help avoid charges."
"Are there part-time job fairs?","Job fairs connect students with local employers. They’re held twice yearly."
"What sports leagues do we join?","We compete in state and national leagues. Teams practice year-round."
"How do we assign roommates?","Roommates are matched by preferences. Requests can be submitted early."
"Is there a student government?","A student council runs events and advocacy. Elections happen each fall."
"How do we update course offerings?","Courses are revised based on industry trends. Faculty review them yearly."
"Are there vegan meal options?","Vegan and vegetarian meals are available daily. The menu rotates weekly."
"Can I appeal my financial aid?","Appeals are reviewed with new documentation. Submit by the semester deadline."
"What’s the campus parking policy?","Parking is free for registered student vehicles. Spots are limited, so apply early."
"Are there mental health services?","Counselors offer free sessions for students. Appointments are confidential."
"How do we train sports coaches?","Coaches attend annual workshops for skills. They’re certified professionals."
"Is there a lost and found?","Lost items are kept at the admin office. Check within 30 days to claim."
"What are the lab facilities like?","Labs have modern equipment for all majors. They’re open during class hours."
"How do we handle power outages?","Backup generators keep campus running. Outages are rare and fixed fast."
"Are there photography clubs?","A photography club meets weekly for shoots. Equipment is provided free."
"What’s the average class size?","Classes average 25 students for interaction. Labs may be smaller."
"Can I access the gym off-season?","The gym stays open year-round for all. Hours adjust during breaks."
"How do we fund student projects?","Grants and college funds support projects. Apply through the dean’s office."
"Are there language courses?","Courses in Spanish, French, and more are offered. They’re open to beginners."
"What’s the hostel curfew?","Curfew is 11 PM for safety reasons. Exceptions need warden approval."
"How do we recruit faculty?","Faculty are hired based on expertise. Interviews include teaching demos."
"Is there a shuttle service?","Shuttles run between campus and town daily. They’re free for students."
"Are there science fairs?","Science fairs showcase student research yearly. Prizes are awarded to winners."
"How do we handle emergencies?","Emergency drills and protocols are in place. Staff are trained to respond."
"What’s the refund policy?","Refunds are processed within 30 days. Full policy is on the website."
"Are there dance teams?","Dance teams perform at college events. Auditions are held each term."
"How do we monitor air quality?","Sensors track air quality on campus. Reports are shared monthly."
"Is there a book club?","A book club meets monthly to discuss reads. It’s open to all students."
"What’s the alumni network like?","Alumni mentor students and offer jobs. Events connect them yearly."
"How do we support startups?","Incubators provide funding and mentorship. Students pitch ideas each term."
"Are there night classes?","Night classes run for working students. Schedules are flexible."
"What’s the laundry schedule?","Laundry rooms are open 24/7 with machines. Tokens are sold on-site."
"How do we choose guest speakers?","Speakers are picked for relevance and expertise. Students can suggest names."
"Is there a meditation room?","A quiet meditation room is open daily. It’s free for all to use."
"What’s the internship stipend range?","Stipends range from $500 to $2000 monthly. It depends on the company."
"How do we handle plagiarism?","Plagiarism is checked with software tools. Penalties follow college policy."
"Are there film screenings?","Film clubs host screenings biweekly. They’re free with discussions."
"What’s the campus recycling policy?","Recycling bins are placed everywhere. Students are urged to participate."
"How do we support transfer students?","Transfer credits are evaluated quickly. Advisors help with transitions."
"Is there a chess club?","A chess club meets weekly for games. Tournaments are held each term."
"What’s the lab safety protocol?","Safety gear and training are mandatory. Rules are posted in labs."
"How do we plan field trips?","Trips are tied to courses and funded. Students sign up early."
"Are there poetry readings?","Poetry nights happen monthly on campus. Students can read or listen."
"What’s the hostel Wi-Fi speed?","Wi-Fi speed is up to 100 Mbps. It’s reliable for streaming."
"How do we assess student feedback?","Surveys collect feedback each semester. Results shape improvements."
"Is there a debate team?","A debate team competes regionally each year. Practice is weekly."
"What’s the campus smoking policy?","Smoking is banned in all indoor areas. Designated zones are outside."
"How do we fund scholarships?","Scholarships come from tuition and donors. Awards are merit-based."
"Are there math tutoring services?","Free math tutoring is offered weekly. Sign up online to join."
"What’s the library noise policy?","Quiet zones enforce silence for study. Group areas allow soft talk."
"How do we handle snow days?","Classes shift online during heavy snow. Updates are sent via email."
"Are there gaming clubs?","Gaming clubs host LAN events monthly. Consoles are provided free."
"What’s the hostel pet policy?","Pets are not allowed in hostels. Service animals need approval."
"How do we support research?","Grants and labs support student research. Faculty mentor projects."
"Are there yoga classes?","Yoga classes run weekly for free. Mats are provided on-site."
"What’s the campus mail system?","Mail is delivered to a central office. Students pick up daily."
"How do we choose club leaders?","Leaders are elected by club members. Terms last one year."
"Is there a pottery studio?","A pottery studio is open for classes. Tools are free to use."
"What’s the exam reschedule policy?","Exams can be rescheduled for emergencies. Submit proof to the dean."
"How do we handle food allergies?","Allergies are noted for safe meal plans. Staff train on cross-contamination."
"Are there hiking groups?","Hiking groups explore trails monthly. Sign-ups are first-come."
"What’s the campus crime rate?","Crime is low with active security measures. Reports are public online."