"Question","Answer"
"What is the primary goal of the mentorship program at Islamia Karimia Society?","The primary goal is to foster holistic student development. Mentors guide students academically, emotionally, and socially. The program emphasizes discipline, ethics, and career readiness."
"How does Islamia Karimia Society identify students needing extra support?","Faculty and counselors monitor academic performance and behavior. Regular assessments and student feedback sessions help. Targeted support is then provided to those struggling."
"What types of mentorship are offered at Islamia Karimia Society?","Academic, career, and personal mentorship are available. Each focuses on specific student needs. Mentors tailor guidance to individual goals and challenges."
"How often do mentors meet with students?","Mentors meet students biweekly or as needed. Sessions are scheduled flexibly to accommodate academics. Virtual options are also available for accessibility."
"Who can become a mentor at Islamia Karimia Society?","Qualified faculty, alumni, and senior students can mentor. They undergo training to ensure effective guidance. Background checks ensure suitability."
"What role does peer mentorship play at Islamia Karimia Society?","Peer mentorship fosters collaboration and support. Senior students guide juniors, sharing experiences. It builds a strong student community."
"How does the society address academic underperformance?","Underperforming students receive tailored tutoring and study plans. Counselors identify root causes like stress or gaps. Progress is monitored closely."
"What career guidance services are available?","Career workshops, resume-building sessions, and industry talks are offered. Mentors help students explore career paths. Internships are facilitated for practical exposure."
"How does Islamia Karimia Society support first-year students?","First-year students attend orientation and peer mentorship programs. Academic advisors provide study skills workshops. Regular check-ins ensure smooth transitions."
"What mental health support is provided to students?","Counseling services and stress management workshops are available. Trained counselors offer confidential support. Peer groups promote emotional well-being."
"How are mentorship goals set for students?","Goals are set collaboratively between mentors and students. They align with academic and personal aspirations. Regular reviews ensure progress."
"What training do mentors receive?","Mentors undergo workshops on communication and counseling skills. Training covers student psychology and ethics. Refresher courses are held annually."
"How does the society encourage female student participation?","Special mentorship programs empower female students. Workshops address gender-specific challenges. Female mentors provide role models and guidance."
"What is the role of alumni in mentorship?","Alumni share industry insights and career advice. They conduct workshops and networking events. Their experiences inspire current students."
"How does Islamia Karimia Society handle student grievances?","A dedicated committee addresses grievances confidentially. Mentors mediate conflicts when needed. Fair resolutions are prioritized."
"What extracurricular support is offered?","Mentors guide students in clubs, sports, and cultural activities. Workshops enhance leadership and teamwork. Events foster well-rounded development."
"How is student progress tracked in the mentorship program?","Progress is tracked via regular mentor reports and student feedback. Academic and personal milestones are reviewed. Adjustments are made as needed."
"What resources are available for exam preparation?","Study groups, mock tests, and revision workshops are provided. Mentors offer time management tips. Online resources supplement learning."
"How does the society support students with disabilities?","Accessible facilities and tailored academic plans are provided. Mentors ensure inclusive support. Counselors address specific needs."
"What is the focus of leadership development programs?","Leadership programs focus on decision-making and teamwork. Workshops include public speaking and project management. Mentors nurture confidence."
"How are parents involved in the mentorship process?","Parents attend periodic meetings with mentors. They receive updates on student progress. Feedback sessions strengthen home-school collaboration."
"What financial aid support is available?","Mentors guide students through scholarship applications. Financial counseling is offered. Need-based aid ensures accessibility."
"How does the society promote cultural inclusivity?","Cultural events and diversity workshops are organized. Mentors encourage respect for all backgrounds. Inclusive policies foster unity."
"What is the role of technology in mentorship?","Online platforms facilitate virtual mentoring sessions. Learning management systems track progress. Apps provide study resources."
"How does Islamia Karimia Society prepare students for competitive exams?","Special coaching classes and mock exams are conducted. Mentors provide strategic study plans. Success rates are monitored."
"What support is offered for international students?","Orientation programs and language support are provided. Mentors assist with cultural adaptation. Networking events ease integration."
"How is feedback collected from students about mentorship?","Anonymous surveys and focus groups gather feedback. Mentors hold open forums for suggestions. Improvements are made based on responses."
"What is the society’s approach to stress management?","Workshops on mindfulness and time management are held. Counselors offer one-on-one sessions. Peer support groups reduce stress."
"How are soft skills developed through mentorship?","Workshops on communication, teamwork, and problem-solving are offered. Mentors provide real-world scenarios. Feedback refines skills."
"What is the role of community service in student support?","Mentors encourage participation in community projects. Service builds empathy and leadership. Reflection sessions enhance learning."
"How does the society support students during internships?","Mentors provide pre-internship training and guidance. They monitor progress with employers. Post-internship reviews boost learning."
"What is the approach to conflict resolution among students?","Mentors mediate disputes using active listening. Workshops teach conflict resolution skills. A peaceful campus environment is prioritized."
"How are high-achieving students supported?","Advanced coursework and research opportunities are offered. Mentors guide them toward scholarships. Competitions enhance their skills."
"What is the role of faculty in student support?","Faculty provide academic advising and mentorship. They identify struggling students early. Collaboration with counselors ensures holistic support."
"How does the society address dropout risks?","Early intervention through counseling and mentorship is key. Financial and academic support is provided. Family engagement prevents dropouts."
"What entrepreneurship support is available?","Workshops on business planning and innovation are held. Mentors connect students with industry experts. Incubation programs foster startups."
"How is teamwork encouraged among students?","Group projects and collaborative workshops are organized. Mentors guide effective team dynamics. Peer feedback strengthens teamwork."
"What is the society’s approach to ethical education?","Mentors integrate ethics into discussions and projects. Workshops on integrity are conducted. Students are encouraged to uphold values."
"How are students prepared for higher education?","Mentors guide university applications and entrance exams. Workshops cover essay writing and interviews. Alumni share admission tips."
"What support is offered for slow learners?","Remedial classes and personalized tutoring are provided. Mentors use adaptive teaching methods. Progress is closely monitored."
"How does the society promote research among students?","Research mentorship and access to labs are provided. Mentors guide project design and execution. Conferences showcase student work."
"What is the role of student ambassadors in mentorship?","Ambassadors promote mentorship programs and events. They share experiences to inspire peers. Mentors train them in leadership."
"How are time management skills taught?","Workshops on prioritization and scheduling are held. Mentors provide personalized plans. Apps help students track tasks."
"What support is available for group study?","Study rooms and collaborative tools are provided. Mentors facilitate effective group dynamics. Peer-led sessions enhance learning."
"How does the society address language barriers?","Language workshops and peer tutoring are offered. Mentors provide bilingual support when needed. Inclusive teaching methods are used."
"What is the role of sports in student support?","Mentors encourage participation in sports for discipline. Coaching and fitness programs are offered. Events promote teamwork."
"How are students motivated to achieve goals?","Mentors set milestones and celebrate achievements. Inspirational talks and rewards are organized. Peer encouragement boosts motivation."
"What is the society’s approach to holistic development?","Mentorship balances academics, skills, and values. Extracurriculars and counseling support growth. Students are prepared for life challenges."
"How is confidentiality maintained in mentorship?","Mentors follow strict privacy protocols. Counseling sessions are confidential. Trust is prioritized in all interactions."
"What is the impact of mentorship on student success?","Mentorship improves academic performance and confidence. It fosters career readiness and resilience. Alumni credit mentors for their achievements."